{
  "outcome": 0,
  "items": [
    {
      "_id": "9QiYCCeH7_pTbY02mV4Ky",
      "reseller_id": "cloudwaitress",
      "restaurant_id": "RES*********************",
      "organisation_id": "uU5u99kOhripvWXH4cy5k",
      "created": 1678808635809,
      "status": "on_route",
      "seen": false,
      "number": 107,
      "auto_printed": [],
      "kounta_order": false,
      "abacus_order": false,
      "notes": "Aliquam excepturi qu",
      "checkout_fields": [],
      "bill": {
        "currency": "USD",
        "total": 12.9,
        "total_cents": 1290,
        "cart": 12.9,
        "discount": 0,
        "taxes": [],
        "tax_in_prices": true,
        "fees": [],
        "tip": 0
      },
      "payment": {
        "method": "card",
        "currency": "USD",
        "total": 12.9,
        "total_cents": 1290,
        "status": "pending"
      },
      "customer": {
        "_id": "uU5u99kOhripvWXH4cy5k|8KRSDB4BOSoksvxcWzQ0T",
        "name": "Lars Head",
        "phone": "+1 (805) 514-8368",
        "email": "duliw@mailinator.com",
        "zip": "",
        "ip": "103.140.205.208",
        "country": "BD",
        "region": "B",
        "city": "Chattogram",
        "lat": "22.356851",
        "lng": "91.783182"
      },
      "promos": [],
      "dishes": [
        {
          "type": "standard",
          "_id": "l5-afZdElj",
          "menu_id": "pnXKNo1Q1",
          "category_id": "n44guGT-J7",
          "name": "Veggie",
          "display_name": "",
          "price": 12.9,
          "subtitle": "",
          "tags": [],
          "status": null,
          "ingredients": [
            {
              "_id": "ryx0Ph8-N",
              "name": "Tomato Base",
              "active": true
            },
            {
              "_id": "SkKAw2U-V",
              "name": "Onion",
              "active": true
            },
            {
              "_id": "r1lkO2U-4",
              "name": "Pineapple",
              "active": true
            },
            {
              "_id": "B15Juh8bE",
              "name": "Capsicum",
              "active": true
            },
            {
              "_id": "ByExun8bE",
              "name": "Cheese",
              "active": true
            }
          ],
          "option_sets": [
            {
              "_id": "l7nPAKevSX",
              "name": "Pizza Menu - Base Choice",
              "display_name": "Base Choice",
              "conditions": {
                "required": true,
                "multi_select": false,
                "quantity_select": false,
                "min_options": "",
                "max_options": "",
                "free_amount": ""
              },
              "options": [
                {
                  "_id": "42IHDgNje55",
                  "name": "Classic",
                  "quantity": 1,
                  "price": "",
                  "status": null
                }
              ]
            },
            {
              "_id": "WB6idQOvjA",
              "name": "Pizza Menu - Extra Toppings",
              "display_name": "Extra Toppings",
              "conditions": {
                "required": false,
                "multi_select": true,
                "quantity_select": false,
                "min_options": "",
                "max_options": "",
                "free_amount": ""
              },
              "options": []
            }
          ],
          "price_type": "standard",
          "choices": [],
          "qty": 1,
          "notes": "Maiores maiores cons"
        }
      ],
      "config": {
        "service": "pickup",
        "due": "now",
        "date": "",
        "time": "",
        "destination": "",
        "destination_misc": "",
        "lat": -1,
        "lng": -1,
        "distance": -1,
        "driving_time": -1,
        "zone": "",
        "table": "",
        "table_id": "",
        "table_password": "",
        "number_of_people": "",
        "confirmed": true,
        "timestamp": 1678818600000
      },
      "timezone": "Asia/Dhaka",
      "log": [
        {
          "_id": "YbP9azvaT",
          "user": "api",
          "user_id": "d58de5de-0c88-4764-82b7-9f2d46667c9a",
          "timestamp": 1678809410718,
          "data": {
            "type": "status_update",
            "from": "confirmed",
            "to": "on_route"
          }
        },
        {
          "_id": "siPqctFJY",
          "user": "api",
          "user_id": "d58de5de-0c88-4764-82b7-9f2d46667c9a",
          "timestamp": 1678809192473,
          "data": {
            "type": "status_update",
            "from": "unconfirmed",
            "to": "confirmed"
          }
        }
      ],
      "ready_in": null,
      "updated": 1678809410718,
      "updated_status": 1678809410718,
      "web_url": "https://cwfront.cloudwaitress.com/order/ORDER_ID"
    },
    {
      "_id": "VQaLHWpWtpDm3eCXP0xol",
      "reseller_id": "cloudwaitress",
      "restaurant_id": "RES*********************",
      "organisation_id": "uU5u99kOhripvWXH4cy5k",
      "created": 1678808585596,
      "status": "confirmed",
      "seen": false,
      "number": 106,
      "auto_printed": [],
      "kounta_order": false,
      "abacus_order": false,
      "notes": "Voluptas et exercita",
      "checkout_fields": [],
      "bill": {
        "currency": "USD",
        "total": 12.9,
        "total_cents": 1290,
        "cart": 12.9,
        "discount": 0,
        "taxes": [],
        "tax_in_prices": true,
        "fees": [],
        "tip": 0
      },
      "payment": {
        "method": "card",
        "currency": "USD",
        "total": 12.9,
        "total_cents": 1290,
        "status": "pending"
      },
      "customer": {
        "_id": "uU5u99kOhripvWXH4cy5k|Wr0uWXlksgZDmbEY-ngdL",
        "name": "Cailin Henderson",
        "phone": "+1 (923) 494-5193",
        "email": "fyginucip@mailinator.com",
        "zip": "",
        "ip": "103.140.205.208",
        "country": "BD",
        "region": "B",
        "city": "Chattogram",
        "lat": "22.356851",
        "lng": "91.783182"
      },
      "promos": [],
      "dishes": [
        {
          "type": "standard",
          "_id": "l5-afZdElj",
          "menu_id": "pnXKNo1Q1",
          "category_id": "n44guGT-J7",
          "name": "Veggie",
          "display_name": "",
          "price": 12.9,
          "subtitle": "",
          "tags": [],
          "status": null,
          "ingredients": [
            {
              "_id": "ryx0Ph8-N",
              "name": "Tomato Base",
              "active": true
            },
            {
              "_id": "SkKAw2U-V",
              "name": "Onion",
              "active": true
            },
            {
              "_id": "r1lkO2U-4",
              "name": "Pineapple",
              "active": true
            },
            {
              "_id": "B15Juh8bE",
              "name": "Capsicum",
              "active": true
            },
            {
              "_id": "ByExun8bE",
              "name": "Cheese",
              "active": true
            }
          ],
          "option_sets": [
            {
              "_id": "l7nPAKevSX",
              "name": "Pizza Menu - Base Choice",
              "display_name": "Base Choice",
              "conditions": {
                "required": true,
                "multi_select": false,
                "quantity_select": false,
                "min_options": "",
                "max_options": "",
                "free_amount": ""
              },
              "options": [
                {
                  "_id": "iC_qBr5lHR8",
                  "name": "Thin",
                  "quantity": 1,
                  "price": "",
                  "status": null
                }
              ]
            },
            {
              "_id": "WB6idQOvjA",
              "name": "Pizza Menu - Extra Toppings",
              "display_name": "Extra Toppings",
              "conditions": {
                "required": false,
                "multi_select": true,
                "quantity_select": false,
                "min_options": "",
                "max_options": "",
                "free_amount": ""
              },
              "options": []
            }
          ],
          "price_type": "standard",
          "choices": [],
          "qty": 1,
          "notes": "Necessitatibus magna"
        }
      ],
      "config": {
        "service": "pickup",
        "due": "later",
        "date": "2023-03-15",
        "time": "00:30",
        "destination": "",
        "destination_misc": "",
        "lat": -1,
        "lng": -1,
        "distance": -1,
        "driving_time": -1,
        "zone": "",
        "table": "",
        "table_id": "",
        "table_password": "",
        "number_of_people": "",
        "confirmed": true,
        "timestamp": 1678818600000
      },
      "timezone": "Asia/Dhaka",
      "updated": 1678810882445,
      "ready_in": {
        "timestamp": 1678818600000
      },
      "delivery_in": null,
      "rush_eta_increment": null,
      "log": [
        {
          "_id": "GB_MQrZyg",
          "user": "api",
          "user_id": "d58de5de-0c88-4764-82b7-9f2d46667c9a",
          "timestamp": 1678810882445,
          "data": {
            "type": "status_update",
            "from": "unconfirmed",
            "to": "confirmed"
          }
        }
      ],
      "updated_status": 1678810882445,
      "web_url": "https://cwfront.cloudwaitress.com/order/ORDER_ID"
    },
    {
      "_id": "jDSuwG2YQsr1jo0jALMzO",
      "reseller_id": "cloudwaitress",
      "restaurant_id": "RES*********************",
      "organisation_id": "uU5u99kOhripvWXH4cy5k",
      "created": 1678808541447,
      "status": "ready",
      "seen": false,
      "number": 105,
      "auto_printed": [],
      "kounta_order": false,
      "abacus_order": false,
      "notes": "Laborum fugiat plac",
      "checkout_fields": [],
      "bill": {
        "currency": "USD",
        "total": 4,
        "total_cents": 400,
        "cart": 4,
        "discount": 0,
        "taxes": [],
        "tax_in_prices": true,
        "fees": [],
        "tip": 0
      },
      "payment": {
        "method": "cash",
        "currency": "USD",
        "total": 4,
        "total_cents": 400,
        "status": "pending"
      },
      "customer": {
        "_id": "uU5u99kOhripvWXH4cy5k|m_6QhyGdyvsIKcBFy0iLo",
        "name": "Anne Delacruz",
        "phone": "+1 (813) 842-7656",
        "email": "nalez@mailinator.com",
        "zip": "",
        "ip": "103.140.205.208",
        "country": "BD",
        "region": "B",
        "city": "Chattogram",
        "lat": "22.356851",
        "lng": "91.783182"
      },
      "promos": [],
      "dishes": [
        {
          "type": "standard",
          "_id": "sdrQtEHoZm",
          "menu_id": "pnXKNo1Q1",
          "category_id": "vL0IPbh7Ly",
          "name": "Fries",
          "display_name": "",
          "price": 4,
          "subtitle": "",
          "tags": [],
          "status": null,
          "ingredients": [],
          "option_sets": [],
          "price_type": "standard",
          "choices": [],
          "qty": 1,
          "notes": ""
        }
      ],
      "config": {
        "service": "pickup",
        "due": "now",
        "date": "",
        "time": "",
        "destination": "",
        "destination_misc": "",
        "lat": -1,
        "lng": -1,
        "distance": -1,
        "driving_time": -1,
        "zone": "",
        "table": "",
        "table_id": "",
        "table_password": "",
        "number_of_people": "",
        "confirmed": true,
        "timestamp": 1678813200000
      },
      "timezone": "Asia/Dhaka",
      "log": [
        {
          "_id": "1pZDcRI1_",
          "user": "api",
          "user_id": "d58de5de-0c88-4764-82b7-9f2d46667c9a",
          "timestamp": 1678810968386,
          "data": {
            "type": "status_update",
            "from": "confirmed",
            "to": "ready"
          }
        },
        {
          "_id": "jO4bcDtm_",
          "user": "api",
          "user_id": "d58de5de-0c88-4764-82b7-9f2d46667c9a",
          "timestamp": 1678810956991,
          "data": {
            "type": "status_update",
            "from": "unconfirmed",
            "to": "confirmed"
          }
        },
        {
          "_id": "A-if1MG9-",
          "user": "api",
          "user_id": "d58de5de-0c88-4764-82b7-9f2d46667c9a",
          "timestamp": 1678810851861,
          "data": {
            "type": "status_update",
            "from": "ready",
            "to": "unconfirmed"
          }
        },
        {
          "_id": "f4arNCVim",
          "user": "api",
          "user_id": "d58de5de-0c88-4764-82b7-9f2d46667c9a",
          "timestamp": 1678809233356,
          "data": {
            "type": "status_update",
            "from": "unconfirmed",
            "to": "ready"
          }
        }
      ],
      "ready_in": {
        "timestamp": 1678810968386
      },
      "updated": 1678810968386,
      "updated_status": 1678810968386,
      "web_url": "https://cwfront.cloudwaitress.com/order/ORDER_ID"
    },
    {
      "_id": "nP22BwohrVF97_U82c3CK",
      "reseller_id": "cloudwaitress",
      "restaurant_id": "RES*********************",
      "organisation_id": "uU5u99kOhripvWXH4cy5k",
      "created": 1678808481517,
      "status": "confirmed",
      "seen": false,
      "number": 104,
      "auto_printed": [],
      "kounta_order": false,
      "abacus_order": false,
      "notes": "Saepe et dolor aperi",
      "checkout_fields": [
        {
          "id": "defaultCheckoutField1",
          "question": {
            "label": "Request No Contact Delivery",
            "description": "Driver will place your food at a safe location and notify you upon arrival"
          },
          "answer": "no",
          "type": "checkbox"
        }
      ],
      "bill": {
        "currency": "USD",
        "total": 4.5,
        "total_cents": 450,
        "cart": 4.5,
        "discount": 0,
        "taxes": [],
        "tax_in_prices": true,
        "fees": [],
        "tip": 0
      },
      "payment": {
        "method": "cash",
        "currency": "USD",
        "total": 4.5,
        "total_cents": 450,
        "status": "pending"
      },
      "customer": {
        "_id": "uU5u99kOhripvWXH4cy5k|xNMejUtSqcRdGVahQb-up",
        "name": "Chloe Bray",
        "phone": "+1 (685) 233-3467",
        "email": "xysequ@mailinator.com",
        "zip": "",
        "ip": "103.140.205.208",
        "country": "BD",
        "region": "B",
        "city": "Chattogram",
        "lat": "22.356851",
        "lng": "91.783182"
      },
      "promos": [],
      "dishes": [
        {
          "type": "standard",
          "_id": "rZhUpMqSD8",
          "menu_id": "pnXKNo1Q1",
          "category_id": "vL0IPbh7Ly",
          "name": "Garlic Bread",
          "display_name": "",
          "price": 4.5,
          "subtitle": "",
          "tags": [],
          "status": null,
          "ingredients": [],
          "option_sets": [],
          "price_type": "standard",
          "choices": [],
          "qty": 1,
          "notes": ""
        }
      ],
      "config": {
        "service": "delivery",
        "due": "later",
        "date": "2023-03-14",
        "time": "23:00",
        "destination": "1234 Fifth Street, Berkeley, California 94710, United States",
        "destination_misc": "",
        "lat": 37.879675,
        "lng": -122.302985,
        "distance": 0,
        "driving_time": 0,
        "zone": "",
        "table": "",
        "table_id": "",
        "table_password": "",
        "number_of_people": "",
        "confirmed": true,
        "timestamp": 1678813200000,
        "delivery_provider": "restaurant"
      },
      "timezone": "Asia/Dhaka",
      "updated": 1678809107467,
      "ready_in": {
        "timestamp": 1678813200000
      },
      "delivery_in": {
        "timestamp": 1678813200000
      },
      "rush_eta_increment": null,
      "log": [
        {
          "_id": "kIkeQ_V0I",
          "user": "api",
          "user_id": "d58de5de-0c88-4764-82b7-9f2d46667c9a",
          "timestamp": 1678809107467,
          "data": {
            "type": "status_update",
            "from": "unconfirmed",
            "to": "confirmed"
          }
        }
      ],
      "updated_status": 1678809107467,
      "web_url": "https://cwfront.cloudwaitress.com/order/ORDER_ID"
    },
    {
      "_id": "lXsE5qvhL4DobRA0tEZ6-",
      "reseller_id": "cloudwaitress",
      "restaurant_id": "RES*********************",
      "organisation_id": "uU5u99kOhripvWXH4cy5k",
      "created": 1678808420331,
      "status": "ready",
      "seen": false,
      "number": 103,
      "auto_printed": [],
      "kounta_order": false,
      "abacus_order": false,
      "notes": "Beatae et deserunt e",
      "checkout_fields": [
        {
          "id": "defaultCheckoutField1",
          "question": {
            "label": "Request No Contact Delivery",
            "description": "Driver will place your food at a safe location and notify you upon arrival"
          },
          "answer": "yes",
          "type": "checkbox"
        }
      ],
      "bill": {
        "currency": "USD",
        "total": 14.9,
        "total_cents": 1490,
        "cart": 14.9,
        "discount": 0,
        "taxes": [],
        "tax_in_prices": true,
        "fees": [],
        "tip": 0
      },
      "payment": {
        "method": "card",
        "currency": "USD",
        "total": 14.9,
        "total_cents": 1490,
        "status": "pending"
      },
      "customer": {
        "_id": "uU5u99kOhripvWXH4cy5k|0KJQBjmcvVaNjYKiLm07R",
        "name": "Murphy Ramsey",
        "phone": "+1 (174) 754-2747",
        "email": "xoladab@mailinator.com",
        "zip": "",
        "ip": "103.140.205.208",
        "country": "BD",
        "region": "B",
        "city": "Chattogram",
        "lat": "22.356851",
        "lng": "91.783182"
      },
      "promos": [],
      "dishes": [
        {
          "type": "standard",
          "_id": "Iisd5bR1U4",
          "menu_id": "pnXKNo1Q1",
          "category_id": "n44guGT-J7",
          "name": "Chicken",
          "display_name": "",
          "price": 14.9,
          "subtitle": "",
          "tags": [],
          "status": null,
          "ingredients": [
            {
              "_id": "rkjKBnU-N",
              "name": "Chicken",
              "active": true
            },
            {
              "_id": "HkOcB3U-4",
              "name": "Corn",
              "active": true
            },
            {
              "_id": "SkCqB3UZV",
              "name": "Mushroom",
              "active": true
            },
            {
              "_id": "B1FornIWN",
              "name": "Capsicum ",
              "active": true
            }
          ],
          "option_sets": [
            {
              "_id": "l7nPAKevSX",
              "name": "Pizza Menu - Base Choice",
              "display_name": "Base Choice",
              "conditions": {
                "required": true,
                "multi_select": false,
                "quantity_select": false,
                "min_options": "",
                "max_options": "",
                "free_amount": ""
              },
              "options": [
                {
                  "_id": "42IHDgNje55",
                  "name": "Classic",
                  "quantity": 1,
                  "price": "",
                  "status": null
                }
              ]
            },
            {
              "_id": "WB6idQOvjA",
              "name": "Pizza Menu - Extra Toppings",
              "display_name": "Extra Toppings",
              "conditions": {
                "required": false,
                "multi_select": true,
                "quantity_select": false,
                "min_options": "",
                "max_options": "",
                "free_amount": ""
              },
              "options": []
            }
          ],
          "price_type": "standard",
          "choices": [],
          "qty": 1,
          "notes": "Iste dolorem est po"
        }
      ],
      "config": {
        "service": "delivery",
        "due": "now",
        "date": "",
        "time": "",
        "destination": "1234 Fifth Street, Berkeley, California 94710, United States",
        "destination_misc": "",
        "lat": 37.879675,
        "lng": -122.302985,
        "distance": 0,
        "driving_time": 0,
        "zone": "",
        "table": "",
        "table_id": "",
        "table_password": "",
        "number_of_people": "",
        "confirmed": true,
        "timestamp": 1678812000000,
        "delivery_provider": "restaurant"
      },
      "timezone": "Asia/Dhaka",
      "log": [
        {
          "_id": "BLWagtBVW",
          "user": "api",
          "user_id": "d58de5de-0c88-4764-82b7-9f2d46667c9a",
          "timestamp": 1678809274646,
          "data": {
            "type": "status_update",
            "from": "confirmed",
            "to": "ready"
          }
        },
        {
          "_id": "gJTbUd2o9",
          "user": "api",
          "user_id": "d58de5de-0c88-4764-82b7-9f2d46667c9a",
          "timestamp": 1678809170785,
          "data": {
            "type": "status_update",
            "from": "unconfirmed",
            "to": "confirmed"
          }
        }
      ],
      "ready_in": {
        "timestamp": 1678809274646
      },
      "updated": 1678809274646,
      "updated_status": 1678809274646,
      "web_url": "https://cwfront.cloudwaitress.com/order/ORDER_ID"
    },
    {
      "_id": "QEiM8m3P91tq63GFJVjCp",
      "reseller_id": "cloudwaitress",
      "restaurant_id": "RES*********************",
      "organisation_id": "uU5u99kOhripvWXH4cy5k",
      "created": 1678808338978,
      "status": "on_route",
      "seen": false,
      "number": 102,
      "auto_printed": [],
      "kounta_order": false,
      "abacus_order": false,
      "notes": "Nesciunt amet dolo",
      "checkout_fields": [],
      "bill": {
        "currency": "USD",
        "total": 12.9,
        "total_cents": 1290,
        "cart": 12.9,
        "discount": 0,
        "taxes": [],
        "tax_in_prices": true,
        "fees": [],
        "tip": 0
      },
      "payment": {
        "method": "cash",
        "currency": "USD",
        "total": 12.9,
        "total_cents": 1290,
        "status": "pending"
      },
      "customer": {
        "_id": "uU5u99kOhripvWXH4cy5k|eGP6tT2m9n7CQAVMj_g69",
        "name": "Hakeem Herman",
        "phone": "+1 (361) 407-1856",
        "email": "hunosobes@mailinator.com",
        "zip": "",
        "ip": "103.140.205.208",
        "country": "BD",
        "region": "B",
        "city": "Chattogram",
        "lat": "22.356851",
        "lng": "91.783182"
      },
      "promos": [],
      "dishes": [
        {
          "type": "standard",
          "_id": "gu7GuZoWJK",
          "menu_id": "pnXKNo1Q1",
          "category_id": "n44guGT-J7",
          "name": "Pepperoni",
          "display_name": "",
          "price": 12.9,
          "subtitle": "",
          "tags": [],
          "status": null,
          "ingredients": [
            {
              "_id": "SJerI3IW4",
              "name": "Cheese",
              "active": true
            },
            {
              "_id": "ry_SU38-V",
              "name": "Pepperoni",
              "active": true
            }
          ],
          "option_sets": [
            {
              "_id": "l7nPAKevSX",
              "name": "Pizza Menu - Base Choice",
              "display_name": "Base Choice",
              "conditions": {
                "required": true,
                "multi_select": false,
                "quantity_select": false,
                "min_options": "",
                "max_options": "",
                "free_amount": ""
              },
              "options": [
                {
                  "_id": "42IHDgNje55",
                  "name": "Classic",
                  "quantity": 1,
                  "price": "",
                  "status": null
                }
              ]
            },
            {
              "_id": "WB6idQOvjA",
              "name": "Pizza Menu - Extra Toppings",
              "display_name": "Extra Toppings",
              "conditions": {
                "required": false,
                "multi_select": true,
                "quantity_select": false,
                "min_options": "",
                "max_options": "",
                "free_amount": ""
              },
              "options": []
            }
          ],
          "price_type": "standard",
          "choices": [],
          "option_set_primary": "",
          "qty": 1,
          "notes": "Cum qui minus volupt"
        }
      ],
      "config": {
        "service": "pickup",
        "due": "now",
        "date": "",
        "time": "",
        "destination": "",
        "destination_misc": "",
        "lat": -1,
        "lng": -1,
        "distance": -1,
        "driving_time": -1,
        "zone": "",
        "table": "",
        "table_id": "",
        "table_password": "",
        "number_of_people": "",
        "confirmed": true,
        "timestamp": 1678812000000
      },
      "timezone": "Asia/Dhaka",
      "log": [
        {
          "_id": "R3ndWaEME",
          "user": "api",
          "user_id": "d58de5de-0c88-4764-82b7-9f2d46667c9a",
          "timestamp": 1678809250358,
          "data": {
            "type": "status_update",
            "from": "ready",
            "to": "on_route"
          }
        },
        {
          "_id": "ynQZdsL0i",
          "user": "api",
          "user_id": "d58de5de-0c88-4764-82b7-9f2d46667c9a",
          "timestamp": 1678809127524,
          "data": {
            "type": "status_update",
            "from": "confirmed",
            "to": "ready"
          }
        },
        {
          "_id": "VK4VNBEXT",
          "user": "api",
          "user_id": "d58de5de-0c88-4764-82b7-9f2d46667c9a",
          "timestamp": 1678809089298,
          "data": {
            "type": "status_update",
            "from": "ready",
            "to": "confirmed"
          }
        },
        {
          "_id": "v1XXM5arG",
          "user": "api",
          "user_id": "d58de5de-0c88-4764-82b7-9f2d46667c9a",
          "timestamp": 1678809016404,
          "data": {
            "type": "status_update",
            "from": "confirmed",
            "to": "ready"
          }
        },
        {
          "_id": "neEh59hXs",
          "user": "api",
          "user_id": "d58de5de-0c88-4764-82b7-9f2d46667c9a",
          "timestamp": 1678808993415,
          "data": {
            "type": "status_update",
            "from": "unconfirmed",
            "to": "confirmed"
          }
        }
      ],
      "ready_in": {
        "timestamp": 1678809127524
      },
      "updated": 1678809250358,
      "updated_status": 1678809250358,
      "web_url": "https://cwfront.cloudwaitress.com/order/ORDER_ID"
    },
    {
      "_id": "g8lf6BdoPCQyVqe7CIhTy",
      "reseller_id": "cloudwaitress",
      "restaurant_id": "RES*********************",
      "organisation_id": "uU5u99kOhripvWXH4cy5k",
      "created": 1678808290425,
      "status": "ready",
      "seen": false,
      "number": 101,
      "auto_printed": [],
      "kounta_order": false,
      "abacus_order": false,
      "notes": "Alias et ullam sit ",
      "checkout_fields": [],
      "bill": {
        "currency": "USD",
        "total": 11.9,
        "total_cents": 1190,
        "cart": 11.9,
        "discount": 0,
        "taxes": [],
        "tax_in_prices": true,
        "fees": [],
        "tip": 0
      },
      "payment": {
        "method": "cash",
        "currency": "USD",
        "total": 11.9,
        "total_cents": 1190,
        "status": "pending"
      },
      "customer": {
        "_id": "uU5u99kOhripvWXH4cy5k|5xRtPAkrF7zarzdRWoi0g",
        "name": "Hedley Ingram",
        "phone": "+1 (619) 842-4868",
        "email": "nepy@mailinator.com",
        "zip": "",
        "ip": "103.140.205.208",
        "country": "BD",
        "region": "B",
        "city": "Chattogram",
        "lat": "22.356851",
        "lng": "91.783182"
      },
      "promos": [],
      "dishes": [
        {
          "type": "standard",
          "_id": "rwBNtDFKWx",
          "menu_id": "pnXKNo1Q1",
          "category_id": "n44guGT-J7",
          "name": "Magherita",
          "display_name": "",
          "price": 11.9,
          "subtitle": "",
          "tags": [],
          "status": null,
          "ingredients": [
            {
              "_id": "Sk0rG2UWE",
              "name": "Cheese",
              "active": true
            },
            {
              "_id": "S1SUGhIb4",
              "name": "Tomato",
              "active": true
            },
            {
              "_id": "mirzQ-con",
              "name": "Basil",
              "active": true
            }
          ],
          "option_sets": [
            {
              "_id": "l7nPAKevSX",
              "name": "Pizza Menu - Base Choice",
              "display_name": "Base Choice",
              "conditions": {
                "required": true,
                "multi_select": false,
                "quantity_select": false,
                "min_options": "",
                "max_options": "",
                "free_amount": ""
              },
              "options": [
                {
                  "_id": "42IHDgNje55",
                  "name": "Classic",
                  "quantity": 1,
                  "price": "",
                  "status": null
                }
              ]
            },
            {
              "_id": "WB6idQOvjA",
              "name": "Pizza Menu - Extra Toppings",
              "display_name": "Extra Toppings",
              "conditions": {
                "required": false,
                "multi_select": true,
                "quantity_select": false,
                "min_options": "",
                "max_options": "",
                "free_amount": ""
              },
              "options": []
            }
          ],
          "price_type": "standard",
          "choices": [],
          "option_set_primary": "",
          "qty": 1,
          "notes": "Iure quo et Nam recu"
        }
      ],
      "config": {
        "service": "pickup",
        "due": "later",
        "date": "2023-03-14",
        "time": "22:40",
        "destination": "",
        "destination_misc": "",
        "lat": -1,
        "lng": -1,
        "distance": -1,
        "driving_time": -1,
        "zone": "",
        "table": "",
        "table_id": "",
        "table_password": "",
        "number_of_people": "",
        "confirmed": true,
        "timestamp": 1678812000000
      },
      "timezone": "Asia/Dhaka",
      "updated": 1678810889356,
      "ready_in": {
        "timestamp": 1678810889356
      },
      "delivery_in": null,
      "rush_eta_increment": null,
      "log": [
        {
          "_id": "ivd9atvpW",
          "user": "api",
          "user_id": "d58de5de-0c88-4764-82b7-9f2d46667c9a",
          "timestamp": 1678810889356,
          "data": {
            "type": "status_update",
            "from": "confirmed",
            "to": "ready"
          }
        },
        {
          "_id": "FomTjzphA",
          "user": "api",
          "user_id": "d58de5de-0c88-4764-82b7-9f2d46667c9a",
          "timestamp": 1678809063637,
          "data": {
            "type": "status_update",
            "from": "unconfirmed",
            "to": "confirmed"
          }
        }
      ],
      "updated_status": 1678810889356,
      "web_url": "https://cwfront.cloudwaitress.com/order/ORDER_ID"
    },
    {
      "_id": "Ya9sy8VPW9tPVaeBy-wYP",
      "reseller_id": "cloudwaitress",
      "restaurant_id": "RES*********************",
      "organisation_id": "uU5u99kOhripvWXH4cy5k",
      "created": 1678729589853,
      "status": "complete",
      "seen": false,
      "number": 100,
      "auto_printed": [],
      "kounta_order": false,
      "abacus_order": false,
      "notes": "Est ducimus irure e",
      "checkout_fields": [],
      "bill": {
        "currency": "USD",
        "total": 11.9,
        "total_cents": 1190,
        "cart": 11.9,
        "discount": 0,
        "taxes": [],
        "tax_in_prices": true,
        "fees": [],
        "tip": 0
      },
      "payment": {
        "method": "card",
        "currency": "USD",
        "total": 11.9,
        "total_cents": 1190,
        "status": "pending"
      },
      "customer": {
        "_id": "uU5u99kOhripvWXH4cy5k|ZIMkrEzraSoI_blpPb-9_",
        "name": "Ashely Irwin",
        "phone": "+1 (617) 898-2498",
        "email": "hoqaro@mailinator.com",
        "zip": "",
        "ip": "103.140.205.208",
        "country": "BD",
        "region": "B",
        "city": "Chattogram",
        "lat": "22.356851",
        "lng": "91.783182"
      },
      "promos": [],
      "dishes": [
        {
          "type": "standard",
          "_id": "rwBNtDFKWx",
          "menu_id": "pnXKNo1Q1",
          "category_id": "n44guGT-J7",
          "name": "Magherita",
          "display_name": "",
          "price": 11.9,
          "subtitle": "",
          "tags": [],
          "status": null,
          "ingredients": [
            {
              "_id": "Sk0rG2UWE",
              "name": "Cheese",
              "active": true
            },
            {
              "_id": "S1SUGhIb4",
              "name": "Tomato",
              "active": true
            },
            {
              "_id": "mirzQ-con",
              "name": "Basil",
              "active": true
            }
          ],
          "option_sets": [
            {
              "_id": "l7nPAKevSX",
              "name": "Pizza Menu - Base Choice",
              "display_name": "Base Choice",
              "conditions": {
                "required": true,
                "multi_select": false,
                "quantity_select": false,
                "min_options": "",
                "max_options": "",
                "free_amount": ""
              },
              "options": [
                {
                  "_id": "42IHDgNje55",
                  "name": "Classic",
                  "quantity": 1,
                  "price": "",
                  "status": null
                }
              ]
            },
            {
              "_id": "WB6idQOvjA",
              "name": "Pizza Menu - Extra Toppings",
              "display_name": "Extra Toppings",
              "conditions": {
                "required": false,
                "multi_select": true,
                "quantity_select": false,
                "min_options": "",
                "max_options": "",
                "free_amount": ""
              },
              "options": []
            }
          ],
          "price_type": "standard",
          "choices": [],
          "option_set_primary": "",
          "qty": 1,
          "notes": ""
        }
      ],
      "config": {
        "service": "pickup",
        "due": "now",
        "date": "",
        "time": "",
        "destination": "",
        "destination_misc": "",
        "lat": -1,
        "lng": -1,
        "distance": -1,
        "driving_time": -1,
        "zone": "",
        "table": "",
        "table_id": "",
        "table_password": "",
        "number_of_people": "",
        "confirmed": true
      },
      "timezone": "Asia/Dhaka",
      "log": [
        {
          "_id": "0fUoNJiWQ",
          "user": "api",
          "user_id": "d58de5de-0c88-4764-82b7-9f2d46667c9a",
          "timestamp": 1678808259035,
          "data": {
            "type": "status_update",
            "from": "ready",
            "to": "complete"
          }
        },
        {
          "_id": "05apDcUvz",
          "user": "api",
          "user_id": "d58de5de-0c88-4764-82b7-9f2d46667c9a",
          "timestamp": 1678735262614,
          "data": {
            "type": "status_update",
            "from": "confirmed",
            "to": "ready"
          }
        },
        {
          "_id": "kotQ3Sksy",
          "user": "api",
          "user_id": "d58de5de-0c88-4764-82b7-9f2d46667c9a",
          "timestamp": 1678735254622,
          "data": {
            "type": "status_update",
            "from": "unconfirmed",
            "to": "confirmed"
          }
        },
        {
          "_id": "WobKPkLHa",
          "user": "api",
          "user_id": "d58de5de-0c88-4764-82b7-9f2d46667c9a",
          "timestamp": 1678734693205,
          "data": {
            "type": "status_update",
            "from": "complete",
            "to": "unconfirmed"
          }
        },
        {
          "_id": "N2K56CSWy",
          "user": "api",
          "user_id": "d58de5de-0c88-4764-82b7-9f2d46667c9a",
          "timestamp": 1678734678606,
          "data": {
            "type": "status_update",
            "from": "ready",
            "to": "complete"
          }
        },
        {
          "_id": "fBHenxtav",
          "user": "api",
          "user_id": "d58de5de-0c88-4764-82b7-9f2d46667c9a",
          "timestamp": 1678732620211,
          "data": {
            "type": "status_update",
            "from": "on_route",
            "to": "ready"
          }
        },
        {
          "_id": "a8RnwWGl-",
          "user": "api",
          "user_id": "d58de5de-0c88-4764-82b7-9f2d46667c9a",
          "timestamp": 1678732580321,
          "data": {
            "type": "status_update",
            "from": "unconfirmed",
            "to": "on_route"
          }
        },
        {
          "_id": "hi75qJAR8",
          "user": "api",
          "user_id": "d58de5de-0c88-4764-82b7-9f2d46667c9a",
          "timestamp": 1678732557895,
          "data": {
            "type": "status_update",
            "from": "confirmed",
            "to": "unconfirmed"
          }
        },
        {
          "_id": "630j1JkfB",
          "user": "api",
          "user_id": "d58de5de-0c88-4764-82b7-9f2d46667c9a",
          "timestamp": 1678732539726,
          "data": {
            "type": "status_update",
            "from": "ready",
            "to": "confirmed"
          }
        },
        {
          "_id": "mmvcJPv-m",
          "user": "api",
          "user_id": "d58de5de-0c88-4764-82b7-9f2d46667c9a",
          "timestamp": 1678731792294,
          "data": {
            "type": "status_update",
            "from": "confirmed",
            "to": "ready"
          }
        },
        {
          "_id": "aec8hv7q3",
          "user": "api",
          "user_id": "d58de5de-0c88-4764-82b7-9f2d46667c9a",
          "timestamp": 1678730076852,
          "data": {
            "type": "status_update",
            "from": "unconfirmed",
            "to": "confirmed"
          }
        }
      ],
      "ready_in": {
        "timestamp": 1678735262614
      },
      "updated": 1678808259035,
      "updated_status": 1678808259035,
      "web_url": "https://cwfront.cloudwaitress.com/order/ORDER_ID"
    }
  ],
  "count": 8
}